antenna,location,orientation,date_time,call,channel,virtual,frequency,power,noise,snr
Philips Rabbit Ears,white desk,up-w-in-flat,2025-02-23 13:32:15.077808,KGUN-TV     ,9,9,186.31,57.27167543182272,50.226887170384224,7.044788261438491
Philips Rabbit Ears,white desk,up-w-in-flat,2025-02-23 13:32:19.062420,KOLD-TV     ,13,13,210.31,58.48668688326882,51.61626339006207,6.870423493206751
Philips Rabbit Ears,white desk,up-w-in-flat,2025-02-23 13:32:22.989702,KUDF-LP     ,14,14,470.31,44.61188275739231,38.616396422496805,5.995486334895503
Philips Rabbit Ears,white desk,up-w-in-flat,2025-02-23 13:32:26.975044,KUDF-LD     ,14,14,470.31,44.40002957040536,38.60081626737831,5.799213303027052
Philips Rabbit Ears,white desk,up-w-in-flat,2025-02-23 13:32:30.917212,KHRR        ,16,40,482.31,54.39479470371094,54.35643342315858,0.0383612805523654
Philips Rabbit Ears,white desk,up-w-in-flat,2025-02-23 13:32:34.880157,KFTU-CD     ,18,34,494.31,36.64516034456448,36.6822829109942,-0.0371225664297298
Philips Rabbit Ears,white desk,up-w-in-flat,2025-02-23 13:32:38.884698,KTTU        ,19,18,500.31,41.448954687931845,41.43923838514985,0.0097163027819959
Philips Rabbit Ears,white desk,up-w-in-flat,2025-02-23 13:32:42.863740,KTTU        ,19,18,500.31,42.82927982481616,42.15816474062341,0.6711150841927491
Philips Rabbit Ears,white desk,up-w-in-flat,2025-02-23 13:32:46.838847,KVOA        ,23,4,524.31,48.48804483412356,48.68711792562662,-0.1990730915030596
Philips Rabbit Ears,white desk,up-w-in-flat,2025-02-23 13:32:50.777508,KMSB        ,25,11,536.31,56.87662597419188,48.75316911725746,8.123456856934418
Philips Rabbit Ears,white desk,up-w-in-flat,2025-02-23 13:32:54.778337,KUAS-TV     ,28,27,554.31,54.41058427509076,49.68553163145023,4.725052643640538
Philips Rabbit Ears,white desk,up-w-in-flat,2025-02-23 13:32:58.653089,KPCE-LD     ,29,29,560.31,56.72236676442226,49.95748992849873,6.7648768359235305
Philips Rabbit Ears,white desk,up-w-in-flat,2025-02-23 13:33:02.558539,KUAT-TV     ,30,6,566.31,52.37366826644059,50.20473759210742,2.1689306743331684
Philips Rabbit Ears,white desk,up-w-in-flat,2025-02-23 13:33:06.502137,KOLD-TV     ,32,13,578.31,51.35789633168689,46.64804437966201,4.709851952024877
Philips Rabbit Ears,white desk,up-w-in-flat,2025-02-23 13:33:10.445305,K35OU-D     ,35,35,596.31,45.5990525574202,44.58966537021601,1.0093871872041902
Philips Rabbit Ears,white desk,up-w-in-flat,2025-02-23 13:33:14.389895,KUVE-CD     ,36,38,602.31,51.787569208464106,50.96566276800094,0.8219064404631666
Philips Rabbit Ears,white desk,up-w-out-flat,2025-02-23 13:34:35.271419,KGUN-TV     ,9,9,186.31,58.43376654110794,51.0251263262967,7.408640214811243
Philips Rabbit Ears,white desk,up-w-out-flat,2025-02-23 13:34:39.231706,KOLD-TV     ,13,13,210.31,59.186366890520674,51.55051609226592,7.635850798254751
Philips Rabbit Ears,white desk,up-w-out-flat,2025-02-23 13:34:43.204826,KUDF-LP     ,14,14,470.31,40.08487341026846,33.090633189613186,6.994240220655271
Philips Rabbit Ears,white desk,up-w-out-flat,2025-02-23 13:34:47.137109,KUDF-LD     ,14,14,470.31,39.98973964449959,33.090079030504704,6.8996606139948895
Philips Rabbit Ears,white desk,up-w-out-flat,2025-02-23 13:34:51.049367,KHRR        ,16,40,482.31,53.92667407233394,53.86923822098534,0.0574358513486004
Philips Rabbit Ears,white desk,up-w-out-flat,2025-02-23 13:34:55.003624,KFTU-CD     ,18,34,494.31,32.49016966243156,29.490997060781304,2.9991726016502582
Philips Rabbit Ears,white desk,up-w-out-flat,2025-02-23 13:34:58.959274,KTTU        ,19,18,500.31,39.14356260162619,31.237703266013803,7.905859335612391
Philips Rabbit Ears,white desk,up-w-out-flat,2025-02-23 13:35:02.869746,KTTU        ,19,18,500.31,40.32837626673198,31.39630285915989,8.932073407572087
Philips Rabbit Ears,white desk,up-w-out-flat,2025-02-23 13:35:06.894191,KVOA        ,23,4,524.31,32.25167144829686,29.466572089397715,2.7850993588991457
Philips Rabbit Ears,white desk,up-w-out-flat,2025-02-23 13:35:10.930059,KMSB        ,25,11,536.31,33.073200494949866,26.44250499077386,6.630695504176007
Philips Rabbit Ears,white desk,up-w-out-flat,2025-02-23 13:35:14.932086,KUAS-TV     ,28,27,554.31,53.704577713474144,50.24609368008928,3.4584840333848703
Philips Rabbit Ears,white desk,up-w-out-flat,2025-02-23 13:35:18.868460,KPCE-LD     ,29,29,560.31,47.13372924166086,42.421652168430455,4.712077073230404
Philips Rabbit Ears,white desk,up-w-out-flat,2025-02-23 13:35:22.844479,KUAT-TV     ,30,6,566.31,48.989873433757005,46.63568147702348,2.3541919567335228
Philips Rabbit Ears,white desk,up-w-out-flat,2025-02-23 13:35:26.878338,KOLD-TV     ,32,13,578.31,45.03897829149916,39.5516498093228,5.487328482176352
Philips Rabbit Ears,white desk,up-w-out-flat,2025-02-23 13:35:30.831918,K35OU-D     ,35,35,596.31,40.31594713825437,39.217439746291056,1.0985073919633166
Philips Rabbit Ears,white desk,up-w-out-flat,2025-02-23 13:35:34.834676,KUVE-CD     ,36,38,602.31,50.9990758428725,50.070130999119336,0.9289448437531648
Philips Rabbit Ears,white desk,up-w-out-45,2025-02-23 13:37:36.198527,KGUN-TV     ,9,9,186.31,58.45979867335664,51.33756228775942,7.122236385597226
Philips Rabbit Ears,white desk,up-w-out-45,2025-02-23 13:37:40.084708,KOLD-TV     ,13,13,210.31,58.730390224304,51.77047679504549,6.959913429258513
Philips Rabbit Ears,white desk,up-w-out-45,2025-02-23 13:37:44.042287,KUDF-LP     ,14,14,470.31,37.6617711313431,31.635470227861816,6.026300903481285
Philips Rabbit Ears,white desk,up-w-out-45,2025-02-23 13:37:47.995675,KUDF-LD     ,14,14,470.31,35.98618379114979,29.469308587600032,6.516875203549759
Philips Rabbit Ears,white desk,up-w-out-45,2025-02-23 13:37:51.886144,KHRR        ,16,40,482.31,54.46414886739198,54.69691618599501,-0.232767318603031
Philips Rabbit Ears,white desk,up-w-out-45,2025-02-23 13:37:55.889083,KFTU-CD     ,18,34,494.31,29.515887812069487,30.80478662415665,-1.2888988120871687
Philips Rabbit Ears,white desk,up-w-out-45,2025-02-23 13:37:59.813361,KTTU        ,19,18,500.31,33.78332037250132,32.983969892608854,0.7993504798924675
Philips Rabbit Ears,white desk,up-w-out-45,2025-02-23 13:38:03.708474,KTTU        ,19,18,500.31,33.06398279251706,33.83937075878115,-0.7753879662640912
Philips Rabbit Ears,white desk,up-w-out-45,2025-02-23 13:38:07.643560,KVOA        ,23,4,524.31,45.91919045758148,44.249906959522335,1.6692834980591442
Philips Rabbit Ears,white desk,up-w-out-45,2025-02-23 13:38:11.626068,KMSB        ,25,11,536.31,48.12276318676183,41.195663205566426,6.927099981195404
Philips Rabbit Ears,white desk,up-w-out-45,2025-02-23 13:38:15.565229,KUAS-TV     ,28,27,554.31,54.88629712212295,50.20573908003415,4.680558042088798
Philips Rabbit Ears,white desk,up-w-out-45,2025-02-23 13:38:19.491315,KPCE-LD     ,29,29,560.31,53.78404268602112,49.66445746523063,4.119585220790498
Philips Rabbit Ears,white desk,up-w-out-45,2025-02-23 13:38:23.469786,KUAT-TV     ,30,6,566.31,51.05554186488863,49.47043121295712,1.585110651931508
Philips Rabbit Ears,white desk,up-w-out-45,2025-02-23 13:38:27.432110,KOLD-TV     ,32,13,578.31,46.17862076396781,42.187757316613066,3.990863447354741
Philips Rabbit Ears,white desk,up-w-out-45,2025-02-23 13:38:31.349057,K35OU-D     ,35,35,596.31,43.94333415389087,42.87467385980876,1.0686602940821146
Philips Rabbit Ears,white desk,up-w-out-45,2025-02-23 13:38:35.303713,KUVE-CD     ,36,38,602.31,51.617214309161646,50.97819690835536,0.6390174008062885
Philips Rabbit Ears,white desk,up-w-out-45,2025-02-24 09:22:26.190463,KGUN-TV     ,9,9,186.31,58.26228204373035,51.37831841578833,6.883963627942023
Philips Rabbit Ears,white desk,up-w-out-45,2025-02-24 09:22:30.065569,KOLD-TV     ,13,13,210.31,58.04836120949479,51.32858092549244,6.719780284002347
Philips Rabbit Ears,white desk,up-w-out-45,2025-02-24 09:22:34.084960,KUDF-LP     ,14,14,470.31,36.33259754319533,30.93384188380448,5.398755659390854
Philips Rabbit Ears,white desk,up-w-out-45,2025-02-24 09:22:38.009961,KUDF-LD     ,14,14,470.31,35.64087625707298,30.391954329023022,5.248921928049956
Philips Rabbit Ears,white desk,up-w-out-45,2025-02-24 09:22:41.984294,KHRR        ,16,40,482.31,54.87733640684768,55.060256659254414,-0.1829202524067383
Philips Rabbit Ears,white desk,up-w-out-45,2025-02-24 09:22:45.910809,KFTU-CD     ,18,34,494.31,32.4161849369613,31.982149888217936,0.4340350487433646
Philips Rabbit Ears,white desk,up-w-out-45,2025-02-24 09:22:49.854591,KTTU        ,19,18,500.31,40.228079810202544,32.0781913005458,8.149888509656748
Philips Rabbit Ears,white desk,up-w-out-45,2025-02-24 09:22:53.788301,KTTU        ,19,18,500.31,40.71611713856623,31.672711863633083,9.04340527493315
Philips Rabbit Ears,white desk,up-w-out-45,2025-02-24 09:22:57.776226,KVOA        ,23,4,524.31,46.20492377123721,47.04598723486083,-0.8410634636236196
Philips Rabbit Ears,white desk,up-w-out-45,2025-02-24 09:23:01.689960,KMSB        ,25,11,536.31,48.6762296908467,38.33507882232002,10.341150868526675
Philips Rabbit Ears,white desk,up-w-out-45,2025-02-24 09:23:05.655486,KUAS-TV     ,28,27,554.31,53.29302861966844,51.97145428624816,1.32157433342028
Philips Rabbit Ears,white desk,up-w-out-45,2025-02-24 09:23:09.661902,KPCE-LD     ,29,29,560.31,53.36964476719244,49.349363166066965,4.020281601125475
Philips Rabbit Ears,white desk,up-w-out-45,2025-02-24 09:23:13.592913,KUAT-TV     ,30,6,566.31,51.331124461101055,49.08210458216893,2.249019878932124
Philips Rabbit Ears,white desk,up-w-out-45,2025-02-24 09:23:17.546843,KOLD-TV     ,32,13,578.31,47.607018385221465,42.73321660220267,4.873801783018799
Philips Rabbit Ears,white desk,up-w-out-45,2025-02-24 09:23:21.566763,K35OU-D     ,35,35,596.31,44.700489168995816,43.02443414119951,1.676055027796309
Philips Rabbit Ears,white desk,up-w-out-45,2025-02-24 09:23:25.518047,KUVE-CD     ,36,38,602.31,50.69624821599874,50.70038235135552,-0.0041341353567716
Philips Rabbit Ears,white desk,up-w-out-45,2025-03-02 06:31:58.447592,KGUN-TV     ,9,9,186.31,57.70050555630949,51.1965253721636,6.503980184145895
Philips Rabbit Ears,white desk,up-w-out-45,2025-03-02 06:32:02.395328,KOLD-TV     ,13,13,210.31,57.50994214413659,51.34900854028077,6.160933603855817
Philips Rabbit Ears,white desk,up-w-out-45,2025-03-02 06:32:06.331053,KUDF-LP     ,14,14,470.31,29.27531011098563,26.15059387809168,3.1247162328939524
Philips Rabbit Ears,white desk,up-w-out-45,2025-03-02 06:32:10.308664,KUDF-LD     ,14,14,470.31,29.140758681500035,26.12591784983971,3.014840831660326
Philips Rabbit Ears,white desk,up-w-out-45,2025-03-02 06:32:14.247485,KHRR        ,16,40,482.31,54.0980207905845,54.1285706787789,-0.0305498881944004
Philips Rabbit Ears,white desk,up-w-out-45,2025-03-02 06:32:18.198854,KFTU-CD     ,18,34,494.31,32.94902510388323,31.40178536553426,1.5472397383489709
Philips Rabbit Ears,white desk,up-w-out-45,2025-03-02 06:32:22.103144,KTTU        ,19,18,500.31,42.39211464596554,35.422409423195454,6.969705222770088
Philips Rabbit Ears,white desk,up-w-out-45,2025-03-02 06:32:25.994391,KTTU        ,19,18,500.31,42.01671724468115,35.05041693715843,6.966300307522722
Philips Rabbit Ears,white desk,up-w-out-45,2025-03-02 06:32:29.884632,KVOA        ,23,4,524.31,43.728883136400114,42.51858702645721,1.2102961099429024
Philips Rabbit Ears,white desk,up-w-out-45,2025-03-02 06:32:33.781213,KMSB        ,25,11,536.31,49.33243041945901,40.00944965903848,9.322980760420528
Philips Rabbit Ears,white desk,up-w-out-45,2025-03-02 06:32:37.633604,KUAS-TV     ,28,27,554.31,53.700548644885295,50.73679132635578,2.9637573185295167
Philips Rabbit Ears,white desk,up-w-out-45,2025-03-02 06:32:41.507881,KPCE-LD     ,29,29,560.31,54.56291765728479,48.24753830210096,6.315379355183822
Philips Rabbit Ears,white desk,up-w-out-45,2025-03-02 06:32:45.365467,KUAT-TV     ,30,6,566.31,52.158067950799705,50.0476152636874,2.110452687112307
Philips Rabbit Ears,white desk,up-w-out-45,2025-03-02 06:32:49.218580,KOLD-TV     ,32,13,578.31,49.50481242317744,44.80385461645925,4.700957806718186
Philips Rabbit Ears,white desk,up-w-out-45,2025-03-02 06:32:53.083389,K35OU-D     ,35,35,596.31,44.44510096619213,42.281748388148685,2.163352578043444
Philips Rabbit Ears,white desk,up-w-out-45,2025-03-02 06:32:57.032840,KUVE-CD     ,36,38,602.31,47.16427467027639,47.78684252402739,-0.6225678537510007
Philips Rabbit Ears,white desk,up-w-out-45,2025-03-02 07:19:56.015538,KGUN-TV     ,9,9,186.31,56.78700375435899,51.460161296015904,5.326842458343087
Philips Rabbit Ears,white desk,up-w-out-45,2025-03-02 07:20:00.018947,KOLD-TV     ,13,13,210.31,56.92168402606286,51.44271913752888,5.478964888533987
Philips Rabbit Ears,white desk,up-w-out-45,2025-03-02 07:20:04.007217,KUDF-LP     ,14,14,470.31,31.73635287367393,26.721081096804465,5.015271776869465
Philips Rabbit Ears,white desk,up-w-out-45,2025-03-02 07:20:08.022956,KUDF-LD     ,14,14,470.31,32.18335103002345,26.64978973555038,5.533561294473071
Philips Rabbit Ears,white desk,up-w-out-45,2025-03-02 07:20:12.046370,KHRR        ,16,40,482.31,54.49653000093447,53.83303012752718,0.6634998734072894
Philips Rabbit Ears,white desk,up-w-out-45,2025-03-02 07:20:16.059237,KFTU-CD     ,18,34,494.31,34.39243262675238,32.810509833112,1.5819227936403806
Philips Rabbit Ears,white desk,up-w-out-45,2025-03-02 07:20:20.041225,KTTU        ,19,18,500.31,40.8820694722324,37.28370367934566,3.5983657928867387
Philips Rabbit Ears,white desk,up-w-out-45,2025-03-02 07:20:24.078716,KTTU        ,19,18,500.31,40.67478040319028,37.00912466752913,3.665655735661147
Philips Rabbit Ears,white desk,up-w-out-45,2025-03-02 07:20:28.136843,KVOA        ,23,4,524.31,45.4106313686766,44.35179150454484,1.0588398641317625
Philips Rabbit Ears,white desk,up-w-out-45,2025-03-02 07:20:32.165994,KMSB        ,25,11,536.31,48.40058008611184,40.23809104766263,8.162489038449216
Philips Rabbit Ears,white desk,up-w-out-45,2025-03-02 07:20:36.208548,KUAS-TV     ,28,27,554.31,52.495169937061306,50.5673137223315,1.9278562147298075
Philips Rabbit Ears,white desk,up-w-out-45,2025-03-02 07:20:40.211347,KPCE-LD     ,29,29,560.31,54.03344622464961,48.24972698991861,5.783719234731002
Philips Rabbit Ears,white desk,up-w-out-45,2025-03-02 07:20:44.258183,KUAT-TV     ,30,6,566.31,51.294671508629925,50.34025242802576,0.9544190806041613
Philips Rabbit Ears,white desk,up-w-out-45,2025-03-02 07:20:48.266103,KOLD-TV     ,32,13,578.31,51.47364839793248,46.08738987737309,5.386258520559387
Philips Rabbit Ears,white desk,up-w-out-45,2025-03-02 07:20:52.229582,K35OU-D     ,35,35,596.31,44.10850874101006,42.90967155813816,1.1988371828718982
Philips Rabbit Ears,white desk,up-w-out-45,2025-03-02 07:20:56.229579,KUVE-CD     ,36,38,602.31,50.4768807157954,51.2268339552208,-0.7499532394253947
Philips Rabbit Ears,white desk,e-out-45,2025-03-02 07:40:50.838687,KGUN-TV     ,9,9,186.31,57.52689648466082,50.89447545505415,6.632421029606675
Philips Rabbit Ears,white desk,e-out-45,2025-03-02 07:40:54.837757,KOLD-TV     ,13,13,210.31,58.77936951241027,51.13594404060099,7.64342547180928
Philips Rabbit Ears,white desk,e-out-45,2025-03-02 07:40:58.868588,KUDF-LP     ,14,14,470.31,48.82957350091466,42.47197108090124,6.357602420013421
Philips Rabbit Ears,white desk,e-out-45,2025-03-02 07:41:02.935516,KUDF-LD     ,14,14,470.31,48.4250025144113,42.418716803228826,6.006285711182471
Philips Rabbit Ears,white desk,e-out-45,2025-03-02 07:41:07.005600,KHRR        ,16,40,482.31,54.135048954676485,54.43662797677639,-0.3015790220999079
Philips Rabbit Ears,white desk,e-out-45,2025-03-02 07:41:11.009266,KFTU-CD     ,18,34,494.31,39.57380052086111,39.758978273846026,-0.1851777529849201
Philips Rabbit Ears,white desk,e-out-45,2025-03-02 07:41:14.933726,KTTU        ,19,18,500.31,52.0061467647829,49.01095003222712,2.995196732555776
Philips Rabbit Ears,white desk,e-out-45,2025-03-02 07:41:19.006083,KTTU        ,19,18,500.31,52.06165142968247,49.1021331092342,2.959518320448268
Philips Rabbit Ears,white desk,e-out-45,2025-03-02 07:41:23.012830,KVOA        ,23,4,524.31,42.31118434710736,35.41386041977045,6.897323927336913
Philips Rabbit Ears,white desk,e-out-45,2025-03-02 07:41:26.952202,KMSB        ,25,11,536.31,46.69415728924868,41.67898999912855,5.015167290120132
Philips Rabbit Ears,white desk,e-out-45,2025-03-02 07:41:30.988241,KUAS-TV     ,28,27,554.31,53.27496774438769,51.13918699123247,2.135780753155217
Philips Rabbit Ears,white desk,e-out-45,2025-03-02 07:41:35.018039,KPCE-LD     ,29,29,560.31,47.011429454432566,43.210038690455264,3.8013907639773024
Philips Rabbit Ears,white desk,e-out-45,2025-03-02 07:41:39.033232,KUAT-TV     ,30,6,566.31,50.306652374104814,49.28991929826719,1.016733075837621
Philips Rabbit Ears,white desk,e-out-45,2025-03-02 07:41:43.066693,KOLD-TV     ,32,13,578.31,50.2050878550556,45.57519995907097,4.629887895984631
Philips Rabbit Ears,white desk,e-out-45,2025-03-02 07:41:47.055065,K35OU-D     ,35,35,596.31,46.85081355473723,45.39341690625638,1.4573966484808525
Philips Rabbit Ears,white desk,e-out-45,2025-03-02 07:41:51.146514,KUVE-CD     ,36,38,602.31,48.17927724543152,47.48677306586257,0.6925041795689424
Philips Rabbit Ears,white desk,s-out-45,2025-03-02 07:43:05.934149,KGUN-TV     ,9,9,186.31,58.43430747270563,51.70059963492605,6.733707837779583
Philips Rabbit Ears,white desk,s-out-45,2025-03-02 07:43:10.003467,KOLD-TV     ,13,13,210.31,57.28244262523233,49.944109366996415,7.338333258235913
Philips Rabbit Ears,white desk,s-out-45,2025-03-02 07:43:14.078726,KUDF-LP     ,14,14,470.31,37.576479159501694,33.783336615571564,3.7931425439301294
Philips Rabbit Ears,white desk,s-out-45,2025-03-02 07:43:18.097582,KUDF-LD     ,14,14,470.31,36.53700036118622,33.65483175483506,2.882168606351165
Philips Rabbit Ears,white desk,s-out-45,2025-03-02 07:43:22.110519,KHRR        ,16,40,482.31,55.17958600535211,56.19092428598661,-1.0113382806345044
Philips Rabbit Ears,white desk,s-out-45,2025-03-02 07:43:26.126975,KFTU-CD     ,18,34,494.31,43.4736156946174,42.82160290519163,0.6520127894257683
Philips Rabbit Ears,white desk,s-out-45,2025-03-02 07:43:30.198634,KTTU        ,19,18,500.31,47.70699180114191,39.89101874591823,7.815973055223679
Philips Rabbit Ears,white desk,s-out-45,2025-03-02 07:43:34.181929,KTTU        ,19,18,500.31,47.44972303961829,39.68290109376817,7.766821945850118
Philips Rabbit Ears,white desk,s-out-45,2025-03-02 07:43:38.212772,KVOA        ,23,4,524.31,45.30031708809805,41.7963115250704,3.504005563027647
Philips Rabbit Ears,white desk,s-out-45,2025-03-02 07:43:42.235699,KMSB        ,25,11,536.31,52.48541720042351,43.47924837528572,9.006168825137792
Philips Rabbit Ears,white desk,s-out-45,2025-03-02 07:43:46.268639,KUAS-TV     ,28,27,554.31,53.69152895250741,51.023861406213015,2.667667546294389
Philips Rabbit Ears,white desk,s-out-45,2025-03-02 07:43:50.344576,KPCE-LD     ,29,29,560.31,46.464525344314765,42.562467789028894,3.902057555285872
Philips Rabbit Ears,white desk,s-out-45,2025-03-02 07:43:54.357215,KUAT-TV     ,30,6,566.31,51.82447633579427,49.8450409600932,1.9794353757010723
Philips Rabbit Ears,white desk,s-out-45,2025-03-02 07:43:58.415548,KOLD-TV     ,32,13,578.31,36.48191002316056,34.812811977385955,1.6690980457746036
Philips Rabbit Ears,white desk,s-out-45,2025-03-02 07:44:02.417015,K35OU-D     ,35,35,596.31,36.26491122081746,35.4645545003156,0.8003567205018598
Philips Rabbit Ears,white desk,s-out-45,2025-03-02 07:44:06.456516,KUVE-CD     ,36,38,602.31,50.40243680787167,49.82646016786899,0.5759766400026862
Philips Rabbit Ears,white desk,s-out-flat,2025-03-02 07:45:05.325501,KGUN-TV     ,9,9,186.31,58.42372516539103,51.31136701755277,7.112358147838265
Philips Rabbit Ears,white desk,s-out-flat,2025-03-02 07:45:09.407505,KOLD-TV     ,13,13,210.31,57.10939305814029,49.52896823767522,7.580424820465069
Philips Rabbit Ears,white desk,s-out-flat,2025-03-02 07:45:13.431907,KUDF-LP     ,14,14,470.31,34.315365687121684,29.999220909846475,4.316144777275209
Philips Rabbit Ears,white desk,s-out-flat,2025-03-02 07:45:17.451535,KUDF-LD     ,14,14,470.31,34.70628888789456,30.2745715028888,4.431717385005758
Philips Rabbit Ears,white desk,s-out-flat,2025-03-02 07:45:21.449378,KHRR        ,16,40,482.31,54.52800278425296,54.846267655796304,-0.3182648715433416
Philips Rabbit Ears,white desk,s-out-flat,2025-03-02 07:45:25.488456,KFTU-CD     ,18,34,494.31,31.301839030506084,29.272201733849947,2.029637296656137
Philips Rabbit Ears,white desk,s-out-flat,2025-03-02 07:45:29.588780,KTTU        ,19,18,500.31,38.62328226946026,30.00239581623732,8.620886453222944
Philips Rabbit Ears,white desk,s-out-flat,2025-03-02 07:45:33.701172,KTTU        ,19,18,500.31,39.5782515428444,30.07909671419319,9.499154828651209
Philips Rabbit Ears,white desk,s-out-flat,2025-03-02 07:45:37.746305,KVOA        ,23,4,524.31,35.35761244682904,35.44902309874881,-0.091410651919773
Philips Rabbit Ears,white desk,s-out-flat,2025-03-02 07:45:41.703941,KMSB        ,25,11,536.31,49.325306784866655,39.68194183032407,9.643364954542584
Philips Rabbit Ears,white desk,s-out-flat,2025-03-02 07:45:45.546823,KUAS-TV     ,28,27,554.31,53.10229275010422,50.7646350353797,2.337657714724521
Philips Rabbit Ears,white desk,s-out-flat,2025-03-02 07:45:49.450848,KPCE-LD     ,29,29,560.31,50.38159808984908,44.10042696783847,6.281171122010605
Philips Rabbit Ears,white desk,s-out-flat,2025-03-02 07:45:53.446948,KUAT-TV     ,30,6,566.31,43.6612202962662,39.528024283844,4.133196012422204
Philips Rabbit Ears,white desk,s-out-flat,2025-03-02 07:45:57.402848,KOLD-TV     ,32,13,578.31,34.75214196602904,28.49803439891868,6.254107567110356
Philips Rabbit Ears,white desk,s-out-flat,2025-03-02 07:46:01.269834,K35OU-D     ,35,35,596.31,28.444296634650826,26.97716807488209,1.467128559768728
Philips Rabbit Ears,white desk,s-out-flat,2025-03-02 07:46:05.154542,KUVE-CD     ,36,38,602.31,50.59713565341559,49.61257925422441,0.9845563991911844
Philips Rabbit Ears,white desk,se-out-flat,2025-03-02 08:15:31.187640,KGUN-TV     ,9,9,186.31,55.84400015469172,49.911263442502566,5.932736712189154
Philips Rabbit Ears,white desk,se-out-flat,2025-03-02 08:15:35.192025,KOLD-TV     ,13,13,210.31,57.07467170421036,49.908284746882906,7.166386957327454
Philips Rabbit Ears,white desk,se-out-flat,2025-03-02 08:15:39.214847,KUDF-LP     ,14,14,470.31,30.14081842961926,27.80348280914644,2.337335620472817
Philips Rabbit Ears,white desk,se-out-flat,2025-03-02 08:15:43.203509,KUDF-LD     ,14,14,470.31,29.54188043529863,27.865653450859405,1.676226984439225
Philips Rabbit Ears,white desk,se-out-flat,2025-03-02 08:15:47.211868,KHRR        ,16,40,482.31,52.09143005716912,51.64806950782702,0.4433605493421026
Philips Rabbit Ears,white desk,se-out-flat,2025-03-02 08:15:51.222437,KFTU-CD     ,18,34,494.31,28.360476509155284,25.9541591939752,2.406317315180086
Philips Rabbit Ears,white desk,se-out-flat,2025-03-02 08:15:55.244139,KTTU        ,19,18,500.31,34.189854740719326,33.319806573019726,0.8700481676996006
Philips Rabbit Ears,white desk,se-out-flat,2025-03-02 08:15:59.290162,KTTU        ,19,18,500.31,34.44718543669663,33.28658505092518,1.1606003857714455
Philips Rabbit Ears,white desk,se-out-flat,2025-03-02 08:16:03.359288,KVOA        ,23,4,524.31,37.00830083120579,36.27666736414176,0.7316334670640288
Philips Rabbit Ears,white desk,se-out-flat,2025-03-02 08:16:07.369947,KMSB        ,25,11,536.31,45.53387676530224,34.77566208518048,10.75821468012176
Philips Rabbit Ears,white desk,se-out-flat,2025-03-02 08:16:11.345751,KUAS-TV     ,28,27,554.31,52.648239885843246,50.16601353534427,2.4822263504989763
Philips Rabbit Ears,white desk,se-out-flat,2025-03-02 08:16:15.205702,KPCE-LD     ,29,29,560.31,43.1046227861951,39.33937194897971,3.7652508372153903
Philips Rabbit Ears,white desk,se-out-flat,2025-03-02 08:16:19.105508,KUAT-TV     ,30,6,566.31,49.56629906990152,48.24199693184928,1.3243021380522393
Philips Rabbit Ears,white desk,se-out-flat,2025-03-02 08:16:23.123065,KOLD-TV     ,32,13,578.31,41.52255850743421,35.83211009786447,5.69044840956974
Philips Rabbit Ears,white desk,se-out-flat,2025-03-02 08:16:27.090989,K35OU-D     ,35,35,596.31,40.95540473520288,39.18315418175605,1.772250553446824
Philips Rabbit Ears,white desk,se-out-flat,2025-03-02 08:16:31.060115,KUVE-CD     ,36,38,602.31,45.82763404985055,43.90917055196682,1.918463497883728
CheapoFlat,white desk,up-w,2025-03-02 08:26:51.518480,KGUN-TV     ,9,9,186.31,57.66002110397984,51.27086642278505,6.389154681194796
CheapoFlat,white desk,up-w,2025-03-02 08:26:55.553626,KOLD-TV     ,13,13,210.31,48.91929104595017,47.199990141075546,1.719300904874622
CheapoFlat,white desk,up-w,2025-03-02 08:26:59.522358,KUDF-LP     ,14,14,470.31,34.29464297945286,32.23000263482627,2.0646403446265893
CheapoFlat,white desk,up-w,2025-03-02 08:27:03.577611,KUDF-LD     ,14,14,470.31,31.64813902977064,27.416160714271,4.231978315499642
CheapoFlat,white desk,up-w,2025-03-02 08:27:07.599641,KHRR        ,16,40,482.31,52.11730394410665,50.70791365078934,1.4093902933173157
CheapoFlat,white desk,up-w,2025-03-02 08:27:11.640955,KFTU-CD     ,18,34,494.31,40.26500929814301,38.16394127175825,2.101068026384766
CheapoFlat,white desk,up-w,2025-03-02 08:27:15.676747,KTTU        ,19,18,500.31,45.24848143328096,37.82677853059901,7.42170290268195
CheapoFlat,white desk,up-w,2025-03-02 08:27:19.722275,KTTU        ,19,18,500.31,44.79198819974423,37.78517543501944,7.006812764724785
CheapoFlat,white desk,up-w,2025-03-02 08:27:23.755945,KVOA        ,23,4,524.31,49.466758162597415,46.62972877055309,2.8370293920443217
CheapoFlat,white desk,up-w,2025-03-02 08:27:27.798239,KMSB        ,25,11,536.31,50.99254276255069,41.76038069637875,9.23216206617193
CheapoFlat,white desk,up-w,2025-03-02 08:27:31.869723,KUAS-TV     ,28,27,554.31,53.47731521309328,50.77469918379571,2.702616029297566
CheapoFlat,white desk,up-w,2025-03-02 08:27:35.950046,KPCE-LD     ,29,29,560.31,46.36956322161203,42.17686396651753,4.192699255094503
CheapoFlat,white desk,up-w,2025-03-02 08:27:40.030607,KUAT-TV     ,30,6,566.31,51.194538543729976,50.29378203295583,0.9007565107741442
CheapoFlat,white desk,up-w,2025-03-02 08:27:44.056282,KOLD-TV     ,32,13,578.31,48.691657666098045,44.57137978459716,4.120277881500883
CheapoFlat,white desk,up-w,2025-03-02 08:27:48.083827,K35OU-D     ,35,35,596.31,43.97190956876611,42.3230590405171,1.648850528249007
CheapoFlat,white desk,up-w,2025-03-02 08:27:52.140954,KUVE-CD     ,36,38,602.31,51.27345641582398,52.00300473325266,-0.7295483174286801
CheapoFlat,white desk,up-n,2025-03-02 08:31:41.631225,KGUN-TV     ,9,9,186.31,55.245517283601295,49.950412950163866,5.295104333437429
CheapoFlat,white desk,up-n,2025-03-02 08:31:45.596400,KOLD-TV     ,13,13,210.31,51.140271933180976,47.78187510176255,3.3583968314184247
CheapoFlat,white desk,up-n,2025-03-02 08:31:49.665975,KUDF-LP     ,14,14,470.31,37.118975433383,33.36766190273998,3.751313530643017
CheapoFlat,white desk,up-n,2025-03-02 08:31:53.597074,KUDF-LD     ,14,14,470.31,36.013706248643864,33.5544648501554,2.459241398488466
CheapoFlat,white desk,up-n,2025-03-02 08:31:57.531203,KHRR        ,16,40,482.31,54.772874941610304,54.49613946028452,0.2767354813257867
CheapoFlat,white desk,up-n,2025-03-02 08:32:01.519944,KFTU-CD     ,18,34,494.31,36.10467027616606,36.0037367392076,0.1009335369584647
CheapoFlat,white desk,up-n,2025-03-02 08:32:05.552109,KTTU        ,19,18,500.31,33.02771787030838,32.26608239195919,0.7616354783491914
CheapoFlat,white desk,up-n,2025-03-02 08:32:09.593557,KTTU        ,19,18,500.31,33.57096598461353,32.31751774169247,1.2534482429210598
CheapoFlat,white desk,up-n,2025-03-02 08:32:13.557042,KVOA        ,23,4,524.31,42.58423243707006,42.45795995656632,0.1262724805037365
CheapoFlat,white desk,up-n,2025-03-02 08:32:17.577235,KMSB        ,25,11,536.31,45.38464518793866,33.929208531365305,11.455436656573356
CheapoFlat,white desk,up-n,2025-03-02 08:32:21.558428,KUAS-TV     ,28,27,554.31,52.72478824932638,50.63183918245201,2.092949066874368
CheapoFlat,white desk,up-n,2025-03-02 08:32:25.545761,KPCE-LD     ,29,29,560.31,48.42603674399845,43.23385139525888,5.192185348739578
CheapoFlat,white desk,up-n,2025-03-02 08:32:29.579234,KUAT-TV     ,30,6,566.31,49.42387896602807,48.60287332156794,0.8210056444601292
CheapoFlat,white desk,up-n,2025-03-02 08:32:33.600285,KOLD-TV     ,32,13,578.31,40.381954247766735,35.9838316889509,4.398122558815835
CheapoFlat,white desk,up-n,2025-03-02 08:32:37.688634,K35OU-D     ,35,35,596.31,41.86441278918725,39.245418700059616,2.618994089127632
CheapoFlat,white desk,up-n,2025-03-02 08:32:41.669849,KUVE-CD     ,36,38,602.31,51.66835008496953,51.28195329722081,0.3863967877487226
CheapoFlat,white desk,e,2025-03-02 09:12:04.720064,KGUN-TV     ,9,9,186.31,56.40751109720877,51.45209253103376,4.9554185661750125
CheapoFlat,white desk,e,2025-03-02 09:12:08.729940,KOLD-TV     ,13,13,210.31,52.10187902102986,48.33973915592093,3.762139865108935
CheapoFlat,white desk,e,2025-03-02 09:12:12.789441,KUDF-LP     ,14,14,470.31,43.20358343676666,38.55136767978849,4.652215756978173
CheapoFlat,white desk,e,2025-03-02 09:12:16.895336,KUDF-LD     ,14,14,470.31,43.47893851986961,38.73011202286309,4.748826497006519
CheapoFlat,white desk,e,2025-03-02 09:12:20.953756,KHRR        ,16,40,482.31,51.90234741624347,52.95796259620371,-1.055615179960235
CheapoFlat,white desk,e,2025-03-02 09:12:24.984242,KFTU-CD     ,18,34,494.31,41.7536436414708,40.24498554916031,1.5086580923104975
CheapoFlat,white desk,e,2025-03-02 09:12:28.965697,KTTU        ,19,18,500.31,48.80036289582871,41.78481102231879,7.015551873509921
CheapoFlat,white desk,e,2025-03-02 09:12:32.840346,KTTU        ,19,18,500.31,49.0358959025588,42.1589046707743,6.876991231784501
CheapoFlat,white desk,e,2025-03-02 09:12:36.676075,KVOA        ,23,4,524.31,46.39107344044503,46.06197597498118,0.3290974654638461
CheapoFlat,white desk,e,2025-03-02 09:12:40.567212,KMSB        ,25,11,536.31,48.80116718348865,39.508603871008006,9.292563312480643
CheapoFlat,white desk,e,2025-03-02 09:12:44.505013,KUAS-TV     ,28,27,554.31,53.05358194417188,50.35336406307492,2.700217881096961
CheapoFlat,white desk,e,2025-03-02 09:12:48.531392,KPCE-LD     ,29,29,560.31,54.26946981258554,48.12006515162343,6.149404660962112
CheapoFlat,white desk,e,2025-03-02 09:12:52.444941,KUAT-TV     ,30,6,566.31,50.91219733476662,49.2866563627918,1.6255409719748144
CheapoFlat,white desk,e,2025-03-02 09:12:56.446562,KOLD-TV     ,32,13,578.31,51.43684049652639,46.17858952578523,5.258250970741159
CheapoFlat,white desk,e,2025-03-02 09:13:00.443089,K35OU-D     ,35,35,596.31,45.22318566509216,43.99225319342679,1.2309324716653691
CheapoFlat,white desk,e,2025-03-02 09:13:04.392181,KUVE-CD     ,36,38,602.31,51.959437730265634,51.81462448601405,0.1448132442515799
CheapoFlat,white desk,s,2025-03-02 09:13:39.938107,KGUN-TV     ,9,9,186.31,57.289155164269616,50.954529870192914,6.334625294076702
CheapoFlat,white desk,s,2025-03-02 09:13:43.827117,KOLD-TV     ,13,13,210.31,51.37578225150321,46.94333800679185,4.432444244711363
CheapoFlat,white desk,s,2025-03-02 09:13:47.751738,KUDF-LP     ,14,14,470.31,33.91288758312861,30.04336192955701,3.8695256535715927
CheapoFlat,white desk,s,2025-03-02 09:13:51.715714,KUDF-LD     ,14,14,470.31,33.934441718355785,29.71906510772186,4.215376610633925
CheapoFlat,white desk,s,2025-03-02 09:13:55.695228,KHRR        ,16,40,482.31,53.75469579928152,53.12146769682071,0.6332281024608051
CheapoFlat,white desk,s,2025-03-02 09:13:59.653030,KFTU-CD     ,18,34,494.31,30.74620812989088,30.540275818404705,0.2059323114861762
CheapoFlat,white desk,s,2025-03-02 09:14:03.638713,KTTU        ,19,18,500.31,44.14225873410994,36.7588331976534,7.383425536456535
CheapoFlat,white desk,s,2025-03-02 09:14:07.548185,KTTU        ,19,18,500.31,44.456787484427984,37.720710317292365,6.736077167135619
CheapoFlat,white desk,s,2025-03-02 09:14:11.412466,KVOA        ,23,4,524.31,42.23741817120303,40.810933330886726,1.4264848403162986
CheapoFlat,white desk,s,2025-03-02 09:14:15.266902,KMSB        ,25,11,536.31,46.74722822015124,39.0696966694746,7.67753155067664
CheapoFlat,white desk,s,2025-03-02 09:14:19.140767,KUAS-TV     ,28,27,554.31,53.31768705149574,51.07202600925399,2.24566104224175
CheapoFlat,white desk,s,2025-03-02 09:14:23.056559,KPCE-LD     ,29,29,560.31,40.11066064108501,39.77594305374245,0.3347175873425598
CheapoFlat,white desk,s,2025-03-02 09:14:26.979718,KUAT-TV     ,30,6,566.31,50.64069652019289,48.491215978393846,2.1494805417990435
CheapoFlat,white desk,s,2025-03-02 09:14:31.051489,KOLD-TV     ,32,13,578.31,33.58113941501632,32.56103652650307,1.0201028885132502
CheapoFlat,white desk,s,2025-03-02 09:14:35.095576,K35OU-D     ,35,35,596.31,31.05679664096342,31.77662077197433,-0.7198241310109061
CheapoFlat,white desk,s,2025-03-02 09:14:39.128875,KUVE-CD     ,36,38,602.31,51.01442501895716,49.07078432248044,1.94364069647672
CheapoFlat,white desk,se,2025-03-02 09:15:12.713945,KGUN-TV     ,9,9,186.31,56.84076019455348,51.02490154143874,5.815858653114745
CheapoFlat,white desk,se,2025-03-02 09:15:16.711182,KOLD-TV     ,13,13,210.31,50.315188529917656,46.29543024673895,4.01975828317871
CheapoFlat,white desk,se,2025-03-02 09:15:20.680222,KUDF-LP     ,14,14,470.31,40.76928839925476,34.878431432267654,5.890856966987101
CheapoFlat,white desk,se,2025-03-02 09:15:24.689180,KUDF-LD     ,14,14,470.31,40.78676385146107,34.68358202589071,6.10318182557036
CheapoFlat,white desk,se,2025-03-02 09:15:28.750636,KHRR        ,16,40,482.31,52.97544670851094,52.88707359563237,0.088373112878564
CheapoFlat,white desk,se,2025-03-02 09:15:32.709334,KFTU-CD     ,18,34,494.31,32.997312118711754,33.82905928154535,-0.8317471628335937
CheapoFlat,white desk,se,2025-03-02 09:15:36.712452,KTTU        ,19,18,500.31,43.90844171459501,37.99343814847524,5.915003566119772
CheapoFlat,white desk,se,2025-03-02 09:15:40.549187,KTTU        ,19,18,500.31,45.52578819546565,38.394365026684966,7.131423168780685
CheapoFlat,white desk,se,2025-03-02 09:15:44.409381,KVOA        ,23,4,524.31,43.6252008815063,43.79509632004025,-0.169895438533949
CheapoFlat,white desk,se,2025-03-02 09:15:48.297021,KMSB        ,25,11,536.31,48.28393799969333,40.76017770070184,7.52376029899149
CheapoFlat,white desk,se,2025-03-02 09:15:52.138584,KUAS-TV     ,28,27,554.31,52.98452295918239,50.63468232773007,2.349840631452324
CheapoFlat,white desk,se,2025-03-02 09:15:56.037903,KPCE-LD     ,29,29,560.31,42.632458543127214,40.070506435148445,2.561952107978769
CheapoFlat,white desk,se,2025-03-02 09:15:59.883893,KUAT-TV     ,30,6,566.31,50.9127558705584,49.023370234337065,1.8893856362213344
CheapoFlat,white desk,se,2025-03-02 09:16:03.720132,KOLD-TV     ,32,13,578.31,41.61362941969443,37.94657141605111,3.6670580036433273
CheapoFlat,white desk,se,2025-03-02 09:16:07.616433,K35OU-D     ,35,35,596.31,42.26295218144512,40.68032795673648,1.5826242247086384
CheapoFlat,white desk,se,2025-03-02 09:16:11.430543,KUVE-CD     ,36,38,602.31,46.81117671519241,47.952906504799465,-1.141729789607055
ChannelMaster Flat,white desk,up-w,2025-03-02 09:18:43.876642,KGUN-TV     ,9,9,186.31,58.46821302202524,50.94229187187759,7.525921150147646
ChannelMaster Flat,white desk,up-w,2025-03-02 09:18:47.806122,KOLD-TV     ,13,13,210.31,58.39883923303319,50.8799907760593,7.518848456973885
ChannelMaster Flat,white desk,up-w,2025-03-02 09:18:51.640710,KUDF-LP     ,14,14,470.31,24.43332000356332,23.54069608330945,0.8926239202538682
ChannelMaster Flat,white desk,up-w,2025-03-02 09:18:55.538789,KUDF-LD     ,14,14,470.31,23.483614494766503,23.19569357757757,0.2879209171889343
ChannelMaster Flat,white desk,up-w,2025-03-02 09:18:59.437055,KHRR        ,16,40,482.31,55.473011423819365,54.25936146459843,1.2136499592209375
ChannelMaster Flat,white desk,up-w,2025-03-02 09:19:03.351276,KFTU-CD     ,18,34,494.31,34.49186955041042,32.418958519850364,2.072911030560057
ChannelMaster Flat,white desk,up-w,2025-03-02 09:19:07.321070,KTTU        ,19,18,500.31,39.221486147925006,33.46748652384953,5.753999624075476
ChannelMaster Flat,white desk,up-w,2025-03-02 09:19:11.230858,KTTU        ,19,18,500.31,39.9882494372232,34.253120783299146,5.735128653924058
ChannelMaster Flat,white desk,up-w,2025-03-02 09:19:15.063523,KVOA        ,23,4,524.31,44.13258742630407,42.507069852492656,1.6255175738114147
ChannelMaster Flat,white desk,up-w,2025-03-02 09:19:18.892749,KMSB        ,25,11,536.31,48.14337471152582,39.26125526408687,8.882119447438953
ChannelMaster Flat,white desk,up-w,2025-03-02 09:19:22.694706,KUAS-TV     ,28,27,554.31,52.56227189574156,50.32081082270177,2.241461073039787
ChannelMaster Flat,white desk,up-w,2025-03-02 09:19:26.436781,KPCE-LD     ,29,29,560.31,46.4679805767481,41.60240065491069,4.8655799218374085
ChannelMaster Flat,white desk,up-w,2025-03-02 09:19:30.334562,KUAT-TV     ,30,6,566.31,51.38590511391855,49.913557446124905,1.4723476677936418
ChannelMaster Flat,white desk,up-w,2025-03-02 09:19:34.257052,KOLD-TV     ,32,13,578.31,43.77995544743624,39.3012205345663,4.478734912869939
ChannelMaster Flat,white desk,up-w,2025-03-02 09:19:38.262875,K35OU-D     ,35,35,596.31,43.517891892408,41.66404834488757,1.8538435475204336
ChannelMaster Flat,white desk,up-w,2025-03-02 09:19:42.296315,KUVE-CD     ,36,38,602.31,44.52071831163677,40.9606615181634,3.560056793473372
ChannelMaster Flat,white desk,up-n,2025-03-02 09:25:41.998521,KGUN-TV     ,9,9,186.31,58.476613738286616,51.74378420488616,6.732829533400455
ChannelMaster Flat,white desk,up-n,2025-03-02 09:25:45.924280,KOLD-TV     ,13,13,210.31,57.35638007680824,50.31041015915261,7.045969917655626
ChannelMaster Flat,white desk,up-n,2025-03-02 09:25:49.829488,KUDF-LP     ,14,14,470.31,31.24321357532309,29.066057294819167,2.1771562805039224
ChannelMaster Flat,white desk,up-n,2025-03-02 09:25:53.815293,KUDF-LD     ,14,14,470.31,29.84573070605357,29.29783636073074,0.5478943453228275
ChannelMaster Flat,white desk,up-n,2025-03-02 09:25:57.751354,KHRR        ,16,40,482.31,53.93604787260811,54.0837586783501,-0.147710805741994
ChannelMaster Flat,white desk,up-n,2025-03-02 09:26:01.792968,KFTU-CD     ,18,34,494.31,40.24124738967849,38.27364117730485,1.9676062123736384
ChannelMaster Flat,white desk,up-n,2025-03-02 09:26:05.755972,KTTU        ,19,18,500.31,43.61818583922599,37.86601178821659,5.752174051009398
ChannelMaster Flat,white desk,up-n,2025-03-02 09:26:09.760896,KTTU        ,19,18,500.31,43.78559446925336,37.99197157367974,5.793622895573613
ChannelMaster Flat,white desk,up-n,2025-03-02 09:26:13.814585,KVOA        ,23,4,524.31,44.82247169543918,42.56502339863148,2.257448296807695
ChannelMaster Flat,white desk,up-n,2025-03-02 09:26:17.780417,KMSB        ,25,11,536.31,46.056535426731074,37.6685517920718,8.387983634659278
ChannelMaster Flat,white desk,up-n,2025-03-02 09:26:21.795306,KUAS-TV     ,28,27,554.31,53.65522308344943,51.04959471200854,2.6056283714408863
ChannelMaster Flat,white desk,up-n,2025-03-02 09:26:25.790754,KPCE-LD     ,29,29,560.31,45.38416625305795,41.71072846181844,3.673437791239508
ChannelMaster Flat,white desk,up-n,2025-03-02 09:26:29.788117,KUAT-TV     ,30,6,566.31,51.30504745950685,49.76600359307603,1.5390438664308237
ChannelMaster Flat,white desk,up-n,2025-03-02 09:26:33.768274,KOLD-TV     ,32,13,578.31,42.31741349213971,37.22554989190506,5.091863600234646
ChannelMaster Flat,white desk,up-n,2025-03-02 09:26:37.769841,K35OU-D     ,35,35,596.31,43.82356167477703,42.31669846857055,1.506863206206475
ChannelMaster Flat,white desk,up-n,2025-03-02 09:26:41.803215,KUVE-CD     ,36,38,602.31,51.48619205840991,48.8527384740853,2.633453584324606
ChannelMaster Flat,white desk,e,2025-03-02 09:30:14.712995,KGUN-TV     ,9,9,186.31,58.96623669856992,51.52178433288458,7.444452365685336
ChannelMaster Flat,white desk,e,2025-03-02 09:30:18.688845,KOLD-TV     ,13,13,210.31,58.9739449787934,51.7063694441436,7.267575534649794
ChannelMaster Flat,white desk,e,2025-03-02 09:30:22.739094,KUDF-LP     ,14,14,470.31,47.14003581775495,40.26964874088493,6.870387076870017
ChannelMaster Flat,white desk,e,2025-03-02 09:30:26.782292,KUDF-LD     ,14,14,470.31,47.29581128826909,39.77632519071008,7.51948609755901
ChannelMaster Flat,white desk,e,2025-03-02 09:30:30.759441,KHRR        ,16,40,482.31,53.28141041058005,53.33585231243619,-0.0544419018561441
ChannelMaster Flat,white desk,e,2025-03-02 09:30:34.783348,KFTU-CD     ,18,34,494.31,39.63807656656575,38.82080312513455,0.8172734414312046
ChannelMaster Flat,white desk,e,2025-03-02 09:30:38.755591,KTTU        ,19,18,500.31,48.764388784523895,45.56162790468967,3.202760879834223
ChannelMaster Flat,white desk,e,2025-03-02 09:30:42.821309,KTTU        ,19,18,500.31,47.448287606167405,45.36008444629664,2.088203159870765
ChannelMaster Flat,white desk,e,2025-03-02 09:30:46.930297,KVOA        ,23,4,524.31,46.9396501509378,43.43373068746904,3.5059194634687643
ChannelMaster Flat,white desk,e,2025-03-02 09:30:51.024168,KMSB        ,25,11,536.31,48.5321757728845,33.223298403652265,15.308877369232237
ChannelMaster Flat,white desk,e,2025-03-02 09:30:55.015642,KUAS-TV     ,28,27,554.31,54.631289916262894,51.33667893399589,3.294610982267009
ChannelMaster Flat,white desk,e,2025-03-02 09:30:59.009178,KPCE-LD     ,29,29,560.31,47.62864964268898,44.16318263923071,3.46546700345828
ChannelMaster Flat,white desk,e,2025-03-02 09:31:03.002855,KUAT-TV     ,30,6,566.31,51.54268353148848,50.27270283170077,1.269980699787709
ChannelMaster Flat,white desk,e,2025-03-02 09:31:07.016435,KOLD-TV     ,32,13,578.31,49.1877141948368,43.968359920574926,5.219354274261875
ChannelMaster Flat,white desk,e,2025-03-02 09:31:11.084507,K35OU-D     ,35,35,596.31,46.28280586911698,44.740239026417335,1.5425668426996424
ChannelMaster Flat,white desk,e,2025-03-02 09:31:15.094846,KUVE-CD     ,36,38,602.31,51.41486763187103,50.80350599970471,0.6113616321663145
ChannelMaster Flat,white desk,s,2025-03-02 09:31:45.173207,KGUN-TV     ,9,9,186.31,57.280503166101866,51.65717862405292,5.623324542048948
ChannelMaster Flat,white desk,s,2025-03-02 09:31:49.251078,KOLD-TV     ,13,13,210.31,57.904475432870825,49.43941710681719,8.465058326053637
ChannelMaster Flat,white desk,s,2025-03-02 09:31:53.278038,KUDF-LP     ,14,14,470.31,31.477388933338137,27.492477368791377,3.98491156454676
ChannelMaster Flat,white desk,s,2025-03-02 09:31:57.314329,KUDF-LD     ,14,14,470.31,32.557358058412746,27.750922423424832,4.806435634987913
ChannelMaster Flat,white desk,s,2025-03-02 09:32:01.336605,KHRR        ,16,40,482.31,53.64088376827105,53.79577759824812,-0.1548938299770625
ChannelMaster Flat,white desk,s,2025-03-02 09:32:05.385011,KFTU-CD     ,18,34,494.31,29.570653894670464,27.319067953293228,2.251585941377236
ChannelMaster Flat,white desk,s,2025-03-02 09:32:09.452529,KTTU        ,19,18,500.31,46.58470824584709,41.58999987977274,4.994708366074349
ChannelMaster Flat,white desk,s,2025-03-02 09:32:13.484612,KTTU        ,19,18,500.31,45.49422348516192,41.68223607702372,3.811987408138201
ChannelMaster Flat,white desk,s,2025-03-02 09:32:17.506975,KVOA        ,23,4,524.31,44.10484187278654,42.1249078272569,1.9799340455296388
ChannelMaster Flat,white desk,s,2025-03-02 09:32:21.475802,KMSB        ,25,11,536.31,48.39996183249666,39.30764074126379,9.092321091232868
ChannelMaster Flat,white desk,s,2025-03-02 09:32:25.536489,KUAS-TV     ,28,27,554.31,52.96077835139518,50.82263792389912,2.1381404274960616
ChannelMaster Flat,white desk,s,2025-03-02 09:32:29.557153,KPCE-LD     ,29,29,560.31,41.29798393448583,39.528899498942536,1.7690844355432915
ChannelMaster Flat,white desk,s,2025-03-02 09:32:33.585578,KUAT-TV     ,30,6,566.31,50.54231336266104,46.62876118910638,3.913552173554656
ChannelMaster Flat,white desk,s,2025-03-02 09:32:37.624813,KOLD-TV     ,32,13,578.31,32.04107675462004,29.69202376038916,2.349052994230874
ChannelMaster Flat,white desk,s,2025-03-02 09:32:41.636488,K35OU-D     ,35,35,596.31,33.33062258739485,34.50850671042916,-1.1778841230343104
ChannelMaster Flat,white desk,s,2025-03-02 09:32:45.700416,KUVE-CD     ,36,38,602.31,52.22039925763751,50.59290855590496,1.6274907017325546
ChannelMaster Flat,white desk,se,2025-03-02 09:33:08.648428,KGUN-TV     ,9,9,186.31,58.38625152511744,51.41372637564554,6.972525149471899
ChannelMaster Flat,white desk,se,2025-03-02 09:33:12.736611,KOLD-TV     ,13,13,210.31,57.275703683031075,51.28785175250431,5.987851930526766
ChannelMaster Flat,white desk,se,2025-03-02 09:33:16.733505,KUDF-LP     ,14,14,470.31,43.64512189026528,37.637253696495435,6.007868193769845
ChannelMaster Flat,white desk,se,2025-03-02 09:33:20.794354,KUDF-LD     ,14,14,470.31,40.967070518751825,38.23296382056803,2.734106698183794
ChannelMaster Flat,white desk,se,2025-03-02 09:33:24.747766,KHRR        ,16,40,482.31,53.38899105923722,52.92588727040521,0.463103788832008
ChannelMaster Flat,white desk,se,2025-03-02 09:33:28.747979,KFTU-CD     ,18,34,494.31,40.633417273795594,39.07476634486743,1.5586509289281665
ChannelMaster Flat,white desk,se,2025-03-02 09:33:32.798823,KTTU        ,19,18,500.31,53.838523070968414,46.79726612206963,7.041256948898784
ChannelMaster Flat,white desk,se,2025-03-02 09:33:36.911086,KTTU        ,19,18,500.31,52.11538408711933,47.99951928766022,4.115864799459111
ChannelMaster Flat,white desk,se,2025-03-02 09:33:41.023829,KVOA        ,23,4,524.31,44.17777122278482,45.21646500778471,-1.038693784999893
ChannelMaster Flat,white desk,se,2025-03-02 09:33:45.120783,KMSB        ,25,11,536.31,50.46626666958976,46.056635269412496,4.409631400177261
ChannelMaster Flat,white desk,se,2025-03-02 09:33:49.183281,KUAS-TV     ,28,27,554.31,53.93953344619988,50.80144787035904,3.13808557584084
ChannelMaster Flat,white desk,se,2025-03-02 09:33:53.236843,KPCE-LD     ,29,29,560.31,55.37166471533644,48.523121704969675,6.848543010366768
ChannelMaster Flat,white desk,se,2025-03-02 09:33:57.239314,KUAT-TV     ,30,6,566.31,46.37185600549969,45.3919533900725,0.9799026154271857
ChannelMaster Flat,white desk,se,2025-03-02 09:34:01.272574,KOLD-TV     ,32,13,578.31,46.81471427299095,40.79006548395546,6.0246487890354885
ChannelMaster Flat,white desk,se,2025-03-02 09:34:05.320778,K35OU-D     ,35,35,596.31,42.1488582239008,40.100593100669855,2.048265123230948
ChannelMaster Flat,white desk,se,2025-03-02 09:34:09.294094,KUVE-CD     ,36,38,602.31,50.88579692535755,50.40727062564598,0.4785262997115751
